name,prompt,negative_prompt
Kamph_Default_Negative (NO),,"Watermark, Text, censored, deformed, bad anatomy, disfigured, poorly drawn face, mutated, extra limb, ugly, poorly drawn hands, missing limb, floating limbs, disconnected limbs, disconnected head, malformed hands, long neck, mutated hands and fingers, bad hands, missing fingers, cropped, worst quality, low quality, mutation, poorly drawn, huge calf, bad hands, fused hand, missing hand, disappearing arms, disappearing thigh, disappearing calf, disappearing legs, missing fingers, fused fingers, abnormal eye proportion, Abnormal hands, abnormal legs, abnormal feet,  abnormal fingers"
Kamph_Default_Negative (sfw) (NO),,"NSFW, Cleavage, Pubic Hair, Nudity, Naked, Au naturel, Watermark, Text, censored, deformed, bad anatomy, disfigured, poorly drawn face, mutated, extra limb, ugly, poorly drawn hands, missing limb, floating limbs, disconnected limbs, disconnected head, malformed hands, long neck, mutated hands and fingers, bad hands, missing fingers, cropped, worst quality, low quality, mutation, poorly drawn, huge calf, bad hands, fused hand, missing hand, disappearing arms, disappearing thigh, disappearing calf, disappearing legs, missing fingers, fused fingers, abnormal eye proportion, Abnormal hands, abnormal legs, abnormal feet,  abnormal fingers"
Kamph_Skin Enhancer (PO),"detailed skin texture, (blush:0.5), (goosebumps:0.5), subsurface scattering",
Kamph_Ghibli (PO),"(Studio ghibli style, Art by Hayao Miyazaki:1.2), Anime Style, Manga Style, Hand drawn, cinematic, Sharp focus, humorous illustration, big depth of field, Masterpiece, concept art, trending on artstation, Vivid colors, Simplified style, trending on ArtStation, trending on CGSociety, Intricate, Vibrant colors, Soft Shading, Simplistic Features, Sharp Angles, Playful",
Kamph_Digital Painting (PO),"glow effects, godrays, Hand drawn, render, 8k, octane render, cinema 4d, blender, dark, atmospheric 4k ultra detailed, cinematic, Sharp focus, big depth of field, Masterpiece, colors, 3d octane render, 4k, concept art, trending on artstation, hyperrealistic, Vivid colors, extremely detailed CG unity 8k wallpaper, trending on CGSociety, Intricate, High Detail, dramatic",
Kamph_Original Photo Style (PO),"Photorealistic, Hyperrealistic, Hyperdetailed, analog style, soft lighting, subsurface scattering, realistic, heavy shadow, masterpiece, best quality, ultra realistic, 8k, golden ratio, Intricate, High Detail, film photography, soft focus",
Kamph_Black and White Film Noir (PO),"(b&w, Monochromatic, Film Photography:1.3), Photorealistic, Hyperrealistic, Hyperdetailed, film noir, analog style, soft lighting, subsurface scattering, realistic, heavy shadow, masterpiece, best quality, ultra realistic, 8k, golden ratio, Intricate, High Detail, film photography, soft focus",
Kamph_Realistic Photo Portraits (PO),"RAW candid cinema, 16mm, color graded portra 400 film, remarkable color, ultra realistic, textured skin, remarkable detailed pupils, realistic dull skin noise, visible skin detail, skin fuzz, dry skin, shot with cinematic camera",
Kamph_Cinematic,"cinematic film still {prompt}, shallow depth of field, vignette, highly detailed, high budget Hollywood film, bokeh, cinemascope, moody, epic, gorgeous, film grain","anime, cartoon, graphic, text, painting, crayon, graphite, abstract, glitch"
Kamph_Anime,"anime artwork {prompt}, anime style, key visual, vibrant, studio anime, highly detailed","photo, deformed, black and white, realism, disfigured, low contrast"
Kamph_Enhancer,"breathtaking {prompt}, masterpiece, award-winning, professional, highly detailed","ugly, deformed, noisy, blurry, distorted, grainy"
sai-analog film,"analog film photo {prompt} . faded film, desaturated, 35mm photo, grainy, vignette, vintage, Kodachrome, Lomography, stained, highly detailed, found footage","painting, drawing, illustration, glitch, deformed, mutated, cross-eyed, ugly, disfigured"
cinematic_still,"cinematic still {prompt} . emotional, harmonious, vignette, highly detailed, high budget, bokeh, cinemascope, moody, epic, gorgeous, film grain, grainy","anime, cartoon, graphic, text, painting, crayon, graphite, abstract, glitch, deformed, mutated, ugly, disfigured"